collection,slug,id,title,subtitle,badge,ctaLabel,ctaUrl,validUntil,description,region,startingPrice,currency,nights,days,inclusions,bullets,installmentInfo,name,isInternational,key,question,answer,order,whatsappLabel,whatsappNumber,whatsappUrl,email,emailUrl,address,businessHours,legalLine,companyLines,links,network,label,url,rating,content,sourceLabel,sourceUrl,date
Hero,hero,hero-1,Blackfridaydonattiturismo,OS MELHORES DESTINOS COM CONDIÇÕES IMPERDÍVEIS,OFERTAS POR TEMPO LIMITADO,Buscar pacotes,#buscar-pacotes,2025-11-30,,,,,,,,,,,,,,,,,,,,,,,,,,,,,,,,,
Vantagens,vantagens,vant-1,Parcelamento Facilitado,,,,,,Parcele sua viagem em até 12x com condições especiais,,,,,,,,,,,,,,,,,,,,,,,,,,,,,,,,
Vantagens,vantagens,vant-2,Atendimento Personalizado,,,,,,Equipe especializada para tirar todas as suas dúvidas,,,,,,,,,,,,,,,,,,,,,,,,,,,,,,,,
Vantagens,vantagens,vant-3,Suporte Completo,,,,,,"Assistência antes, durante e depois da sua viagem",,,,,,,,,,,,,,,,,,,,,,,,,,,,,,,,
Vantagens,vantagens,vant-4,Melhores Preços,,,,,,Negociamos direto com fornecedores para oferecer as melhores tarifas,,,,,,,,,,,,,,,,,,,,,,,,,,,,,,,,
Pacotes Destaque,pacotes-destaque,dest-1,Natal - RN,,,VER OFERTA,#,,,Brasil,1299,BRL,4,5,"Aéreo; Hotel; Café da Manhã; Transfer","Hotel bem localizado; Parcelamento em até 10x sem juros; Saídas de diversas capitais",10x sem juros,,,,,,,,,,,,,,,,,,,,,,,,
Pacotes Destaque,pacotes-destaque,dest-2,Rio de Janeiro - RJ,,,VER OFERTA,#,,,Brasil,899,BRL,3,4,"Aéreo; Hotel; Café da Manhã","Hotéis em Copacabana e Ipanema; Parcelamento facilitado; Melhor custo-benefício",,,,,,,,,,,,,,,,,,,,,,,,,
Pacotes Destaque,pacotes-destaque,dest-3,Porto de Galinhas - PE,,,VER OFERTA,#,,,Brasil,1499,BRL,4,5,"Aéreo; Resort; Meia Pensão; Transfer","Resort all inclusive disponível; Piscinas naturais inclusas; Parcele em até 12x",12x,,,,,,,,,,,,,,,,,,,,,,,,
Pacotes Nacionais,pacotes-nacionais,nac-1,Maceió,,,,,,,Brasil,1199,BRL,,,"Aéreo; Hotel; Café",,,,,,,,,,,,,,,,,,,,,,,,,,
Pacotes Nacionais,pacotes-nacionais,nac-2,Fortaleza,,,,,,,Brasil,1099,BRL,,,"Aéreo; Hotel; Transfer",,,,,,,,,,,,,,,,,,,,,,,,,,
Pacotes Nacionais,pacotes-nacionais,nac-3,Florianópolis,,,,,,,Brasil,1399,BRL,,,"Aéreo; Pousada; Café",,,,,,,,,,,,,,,,,,,,,,,,,,
Pacotes Nacionais,pacotes-nacionais,nac-4,Salvador,,,,,,,Brasil,1149,BRL,,,"Aéreo; Hotel; Café",,,,,,,,,,,,,,,,,,,,,,,,,,
Pacotes Nacionais,pacotes-nacionais,nac-5,Fernando de Noronha,,,,,,,Brasil,3299,BRL,,,"Aéreo; Pousada; Café",,,,,,,,,,,,,,,,,,,,,,,,,,
Pacotes Nacionais,pacotes-nacionais,nac-6,Gramado,,,,,,,Brasil,1599,BRL,,,"Aéreo; Hotel; Café Colonial",,,,,,,,,,,,,,,,,,,,,,,,,,
Pacotes Internacionais,pacotes-internacionais,int-1,Orlando - EUA,,,VER OFERTA,#,,,Estados Unidos,4999,BRL,6,7,"Aéreo; Hotel; Traslado","Hotéis próximos aos parques; Opção com ingressos Disney; Parcele em até 12x",,,,,,,,,,,,,,,,,,,,,,,,,
Pacotes Internacionais,pacotes-internacionais,int-2,Buenos Aires - Argentina,,,VER OFERTA,#,,,Argentina,2199,BRL,4,5,"Aéreo; Hotel; City Tour","Hotel no centro; Passeio incluso; Parcelamento especial",,,,,,,,,,,,,,,,,,,,,,,,,
Pacotes Internacionais,pacotes-internacionais,int-3,Cancún - México,,,VER OFERTA,#,,,México,3799,BRL,5,6,"Aéreo; Resort All Inclusive","Resort 4 estrelas; Tudo incluído; Parcele sem juros",,,,,,,,,,,,,,,,,,,,,,,,,
Filtros Origens,filtros-origens,org-1,,,,,,,,,,,,,,,,Aracaju,,,,,,,,,,,,,,,,,,,,,,,
Filtros Origens,filtros-origens,org-2,,,,,,,,,,,,,,,,Belém,,,,,,,,,,,,,,,,,,,,,,,
Filtros Origens,filtros-origens,org-3,,,,,,,,,,,,,,,,Belo Horizonte,,,,,,,,,,,,,,,,,,,,,,,
Filtros Origens,filtros-origens,org-4,,,,,,,,,,,,,,,,Brasília,,,,,,,,,,,,,,,,,,,,,,,
Filtros Origens,filtros-origens,org-5,,,,,,,,,,,,,,,,Campo Grande,,,,,,,,,,,,,,,,,,,,,,,
Filtros Origens,filtros-origens,org-6,,,,,,,,,,,,,,,,Curitiba,,,,,,,,,,,,,,,,,,,,,,,
Filtros Origens,filtros-origens,org-7,,,,,,,,,,,,,,,,Florianópolis,,,,,,,,,,,,,,,,,,,,,,,
Filtros Origens,filtros-origens,org-8,,,,,,,,,,,,,,,,Fortaleza,,,,,,,,,,,,,,,,,,,,,,,
Filtros Origens,filtros-origens,org-9,,,,,,,,,,,,,,,,Goiânia,,,,,,,,,,,,,,,,,,,,,,,
Filtros Origens,filtros-origens,org-10,,,,,,,,,,,,,,,,Manaus,,,,,,,,,,,,,,,,,,,,,,,
Filtros Origens,filtros-origens,org-11,,,,,,,,,,,,,,,,Natal,,,,,,,,,,,,,,,,,,,,,,,
Filtros Origens,filtros-origens,org-12,,,,,,,,,,,,,,,,Porto Alegre,,,,,,,,,,,,,,,,,,,,,,,
Filtros Origens,filtros-origens,org-13,,,,,,,,,,,,,,,,Recife,,,,,,,,,,,,,,,,,,,,,,,
Filtros Origens,filtros-origens,org-14,,,,,,,,,,,,,,,,Rio de Janeiro,,,,,,,,,,,,,,,,,,,,,,,
Filtros Origens,filtros-origens,org-15,,,,,,,,,,,,,,,,Salvador,,,,,,,,,,,,,,,,,,,,,,,
Filtros Origens,filtros-origens,org-16,,,,,,,,,,,,,,,,São Paulo,,,,,,,,,,,,,,,,,,,,,,,
Filtros Destinos,filtros-destinos,dst-1,,,,,,,,Brasil,,,,,,,,Natal,false,,,,,,,,,,,,,,,,,,,,,,
Filtros Destinos,filtros-destinos,dst-2,,,,,,,,Brasil,,,,,,,,Rio de Janeiro,false,,,,,,,,,,,,,,,,,,,,,,
Filtros Destinos,filtros-destinos,dst-3,,,,,,,,Brasil,,,,,,,,Porto de Galinhas,false,,,,,,,,,,,,,,,,,,,,,,
Filtros Destinos,filtros-destinos,dst-4,,,,,,,,Brasil,,,,,,,,Maceió,false,,,,,,,,,,,,,,,,,,,,,,
Filtros Destinos,filtros-destinos,dst-5,,,,,,,,Brasil,,,,,,,,Fortaleza,false,,,,,,,,,,,,,,,,,,,,,,
Filtros Destinos,filtros-destinos,dst-6,,,,,,,,Brasil,,,,,,,,Florianópolis,false,,,,,,,,,,,,,,,,,,,,,,
Filtros Destinos,filtros-destinos,dst-7,,,,,,,,Brasil,,,,,,,,Salvador,false,,,,,,,,,,,,,,,,,,,,,,
Filtros Destinos,filtros-destinos,dst-8,,,,,,,,Brasil,,,,,,,,Fernando de Noronha,false,,,,,,,,,,,,,,,,,,,,,,
Filtros Destinos,filtros-destinos,dst-9,,,,,,,,Brasil,,,,,,,,Gramado,false,,,,,,,,,,,,,,,,,,,,,,
Filtros Destinos,filtros-destinos,dst-10,,,,,,,,Estados Unidos,,,,,,,,Orlando,true,,,,,,,,,,,,,,,,,,,,,,
Filtros Destinos,filtros-destinos,dst-11,,,,,,,,Argentina,,,,,,,,Buenos Aires,true,,,,,,,,,,,,,,,,,,,,,,
Filtros Destinos,filtros-destinos,dst-12,,,,,,,,México,,,,,,,,Cancún,true,,,,,,,,,,,,,,,,,,,,,,
Filtros Preferencias,filtros-preferencias,pref-1,,,,,,,,,,,,,,,,Café da Manhã,,breakfast,,,,,,,,,,,,,,,,,,,,,
Filtros Preferencias,filtros-preferencias,pref-2,,,,,,,,,,,,,,,,All Inclusive,,allInclusive,,,,,,,,,,,,,,,,,,,,,
Filtros Preferencias,filtros-preferencias,pref-3,,,,,,,,,,,,,,,,Transfer Incluso,,transfer,,,,,,,,,,,,,,,,,,,,,
FAQ,faq,faq-1,,,,,,,,,,,,,,,,,,,Posso parcelar minha viagem?,Sim! Oferecemos parcelamento em até 12x no cartão de crédito com condições especiais.,1,,,,,,,,,,,,,,,,,,
FAQ,faq,faq-2,,,,,,,,,,,,,,,,,,,O que está incluso nos pacotes?,"Cada pacote tem suas inclusões especificadas. Geralmente incluem aéreo, hotel, café da manhã e transfer.",2,,,,,,,,,,,,,,,,,,
FAQ,faq,faq-3,,,,,,,,,,,,,,,,,,,Posso alterar as datas da minha viagem?,"Sim, consulte nossa equipe sobre as condições de alteração.",3,,,,,,,,,,,,,,,,,,
FAQ,faq,faq-4,,,,,,,,,,,,,,,,,,,Vocês oferecem seguro viagem?,"Sim, recomendamos e oferecemos seguro viagem para todos os destinos.",4,,,,,,,,,,,,,,,,,,
FAQ,faq,faq-5,,,,,,,,,,,,,,,,,,,Como funciona o atendimento durante a viagem?,Você terá suporte 24h através do nosso WhatsApp para qualquer necessidade.,5,,,,,,,,,,,,,,,,,,
Contato,contato,contato-1,,,,,,,,,,,,,,,,,,,,,,WhatsApp,(67) 9637-2769,#,[contato@donattiturismo.com.br](mailto:contato@donattiturismo.com.br),[mailto:contato@donattiturismo.com.br](mailto:contato@donattiturismo.com.br),"Av. Tamandaré, 08 - Jardim Planalto Campo Grande/MS - CEP: 79.009-790",Segunda a Sexta: 9h às 18h | Sábado: 9h às 12h,,,,,,,,,,,
Rodape,rodape,rodape-1,,,,,,,,,,,,,,,,,,,,,,,,,,,,,2025 - DONATTI TURISMO® - TODOS OS DIREITOS RESERVADOS,"Realizing sonhos desde 2020; Avenida Tamandaré, 8 - Vila Planalto Campo Grande, MS - CEP: 79.009-790","{""label"":""Termos de Uso"",""url"":""#""}; {""label"":""Política de Privacidade"",""url"":""#""}; {""label"":""Política de Cancelamento"",""url"":""#""}",,,,,,,,
Redes Sociais,redes-sociais,soc-1,,,,,,,,,,,,,,,,,,,,,,,,,,,,,,,,Instagram,Instagram,#,,,,,
Redes Sociais,redes-sociais,soc-2,,,,,,,,,,,,,,,,,,,,,,,,,,,,,,,,Facebook,Facebook,#,,,,,
Redes Sociais,redes-sociais,soc-3,,,,,,,,,,,,,,,,,,,,,,,,,,,,,,,,WhatsApp,WhatsApp,#,,,,,
Testimonials,testimonials,testi-1,,,,,,,,,,,,,,,,Natalia Pamela,,,,,,,,,,,,,,,,,,,5,"Viajo com a Donatti desde 2021, e só tive experiências maravilhosas, preço, atendimento, dúvidas todas esclarecidas. A Tati da todo apoio e suporte, recomendo de olhos fechados!",Ver no Google Maps,https://maps.app.goo.gl/xuzhiYXCPC2VE9Tp8,2025-01-01
Testimonials,testimonials,testi-2,,,,,,,,,,,,,,,,Daniel Neves,,,,,,,,,,,,,,,,,,,5,"O atendimento é mega diferenciado, você tem suporte vip! Eles procuram as melhores opções baseado nas espectativas e no bolso do cliente. Super recomendo!",Ver no Google Maps,https://maps.app.goo.gl/xuzhiYXCPC2VE9Tp8,2025-01-01
Testimonials,testimonials,testi-3,,,,,,,,,,,,,,,,Milton César Machado,,,,,,,,,,,,,,,,,,,5,Tati e equipe nota 1000! Viajar com segurança e credibilidade é com a equipe da Tati! Muito obrigado! Até o ano que vem!,Ver no Google Maps,https://maps.app.goo.gl/xuzhiYXCPC2VE9Tp8,2025-01-01